1,15-Sep-2006,17669 Annamark Lane,Rionegro,FB
2,20-Oct-2014,3 Forest Trail,Xinshidu,VF
3,13-Jun-2007,0 Chinook Trail,Wysoka Strzyżowska,CN
4,02-Jan-2017,87 Hollow Ridge Plaza,Mogoditshane,VS
5,05-Dec-2006,2 Ryan Trail,Pante Raja,PR
6,05-Jun-2007,61 Schiller Plaza,Jiadingzhen,PL
7,25-Jan-2011,48456 Parkside Pass,Gulu,KD
8,03-Nov-2010,0 Cardinal Alley,Ficksburg,QL
9,12-Oct-2003,7 Eggendart Drive,Patos,BD
10,16-Jan-2004,72 Corry Drive,Palmar de Varela,TW
11,17-Jan-2008,580 Marcy Road,Tamot,TA
12,05-Dec-2014,42 Charing Cross Parkway,Ica,EU
13,14-Jun-2016,1719 Shoshone Road,Limoeiro do Ajuru,HQ
14,09-Nov-2005,15 Dawn Road,Youxi,FN
15,02-May-2000,5 Parkside Alley,San Ramon,ZQ
16,27-Jan-2003,298 Eliot Circle,Canjulao,IY
17,09-Jul-2006,94 Elgar Way,KwaMbonambi,ZG
18,22-Apr-2004,3 Bonner Plaza,Likasi,SH
19,20-Mar-2020,45 Sullivan Parkway,Benguela,DD
20,06-Jun-2021,510 Acker Pass,Kariya,DP
21,28-Aug-2017,296 Banding Plaza,Jedlina-Zdrój,JB
22,29-Jul-2004,2497 Division Lane,Lidoríki,PU
23,10-Mar-2011,131 Gale Center,Kemijärvi,PU
24,02-Feb-2022,93635 Leroy Drive,Klagen,GY
25,04-Jul-2002,98131 Annamark Road,Indralayang,CS
26,18-Mar-2009,3582 Sherman Road,Dunmanway,YV
27,07-Nov-2001,7 Bayside Court,Ryczów,ZC
28,10-Feb-2016,5 Clemons Trail,Bryansk,IS
29,28-Jul-2003,6 Ridge Oak Way,Boston,PD
30,27-Aug-2020,22 Sachs Center,Karpushikha,BF
31,13-Jan-2004,75 Susan Parkway,Rostov-na-Donu,MK
32,20-May-2020,6285 Mosinee Court,Konstantinovsk,ZH
33,25-Aug-2020,852 Golf Parkway,Burirao,MA
34,05-Oct-2013,9536 Bowman Circle,Capitán Bermúdez,FC
35,02-Nov-2010,72 Hooker Street,Ford,QA
36,03-Jan-2009,5 West Road,Sudzha,SO
37,03-Dec-2007,19746 Warner Way,Laholm,LK
38,01-Dec-2004,277 Randy Drive,Busuanga,BO
39,23-Apr-2003,8 Katie Street,Ulee Gle,KV
40,13-Dec-2017,6 Kensington Park,Shanhe,UC
41,05-Apr-2005,479 Starling Lane,Mengdadazhuang,PS
42,29-Jul-2001,76014 Continental Court,Sida,UQ
43,08-Apr-2014,21492 Jana Trail,Jaraguá,XC
44,08-Aug-2014,61 Old Gate Road,Mueang Nonthaburi,FF
45,20-Apr-2001,37401 Harbort Avenue,Umeå,NK
46,23-Nov-2006,22930 Loftsgordon Place,Penanggal,KS
47,13-Feb-2018,682 Fisk Center,Bojawa,FN
48,28-Feb-2015,414 Corry Terrace,Karang Daye,GT
49,16-Jan-2011,35 Briar Crest Drive,Songjiang,ZP
50,06-Jul-2013,39 Burning Wood Trail,Imtarfa,KK
51,20-Aug-2007,719 Granby Avenue,Além,BP
52,26-Jan-2009,33 Superior Way,Orange,UV
53,29-Sep-2018,08 Dixon Lane,Yegorlykskaya,IM
54,26-Jul-2021,81 Hanover Park,Bloemfontein,OJ
55,30-Dec-2002,5 Swallow Drive,Wufeng,YV
56,17-Jan-2022,475 Clemons Point,Limoges,ZU
57,20-Aug-2002,9 Doe Crossing Park,Bojonggenteng,HN
58,19-Jan-2013,45 Merchant Park,Stockholm,GH
59,15-Feb-2009,312 Stang Hill,Dingdian,WL
60,09-Aug-2010,2605 Mallard Junction,Panognawan,ON
61,21-Feb-2010,99287 Comanche Junction,Khlong Luang,YT
62,20-Dec-2012,94524 Northridge Alley,Livadiya,QD
63,23-Oct-2000,37 Vera Parkway,Parungjawa,SX
64,04-Apr-2012,19746 American Trail,Radostowice,YM
65,19-Jan-2015,9782 Huxley Park,Itapecerica,TB
66,25-Aug-2017,934 Eastlawn Terrace,Stockholm,GV
67,29-Aug-2014,9656 Sundown Hill,Duraznopampa,GT
68,29-Jun-2015,401 New Castle Trail,Mingyuedian,AR
69,05-Apr-2011,66 Morrow Park,Laxiong,HJ
70,11-Dec-2009,11 Eastwood Circle,Aguiar da Beira,WX
71,23-Jul-2010,3 Myrtle Way,Waterbury,QM
72,12-Aug-2017,77802 Old Gate Drive,Santa Rosa,YY
73,06-Feb-2019,184 Farmco Pass,Dacun,DY
74,06-Mar-2002,38 Norway Maple Point,Riangblolong,FN
75,20-Mar-2006,8 Fremont Street,Federal,FU
76,10-Mar-2004,71 Lyons Drive,Nanling,DQ
77,06-Oct-2019,06 Cody Hill,Providencia,KZ
78,02-Sep-2015,21019 Kings Point,Jambeyan,LX
79,24-Oct-2007,2 Packers Park,Rizal,MD
80,11-Jan-2004,727 Bay Alley,Strazhitsa,YY
81,26-Jun-2018,46796 Mockingbird Street,Troitskiy,EJ
82,02-Jun-2017,33680 Fisk Parkway,Dosso,YY
83,18-Mar-2021,61 Scott Crossing,Sanjiao,QV
84,14-Sep-2016,98 Sundown Junction,Santo Rosario,KL
85,28-Jul-2003,46 Superior Trail,Limoeiro do Norte,SH
86,05-Jan-2017,1864 Troy Alley,Porsgrunn,UR
87,10-Jul-2008,7587 Canary Avenue,Nanggela,BW
88,15-Nov-2009,36763 Butternut Point,El Hatillo,OQ
89,23-Sep-2003,92 Jay Hill,Afaahiti,HJ
90,22-May-2018,9327 Fulton Point,Hongtu,VR
91,21-Apr-2019,39 Green Ridge Junction,Kamenica,EV
92,21-Apr-2007,2 Marquette Way,Kamphaeng Phet,EJ
93,13-Jun-2011,76 Eastlawn Parkway,Mayanhe,UR
94,15-Jan-2002,75171 Bonner Terrace,Jingdu,MW
95,29-Apr-2004,3 Fieldstone Plaza,Zhangjiachang,JO
96,21-Aug-2019,941 Sycamore Alley,Corujeira,PN
97,04-Apr-2017,1889 Fairfield Crossing,Syamzha,VW
98,03-Mar-2018,2460 Heath Alley,Pangkalan,JM
99,25-Mar-2018,432 Prairie Rose Terrace,Tsaghveri,KW
100,23-Jun-2005,6668 Ohio Court,Tianning,ZG
